{
    "conds": {
        "cellModel": "HH_reduced",
        "cellType": "IT",
        "ynorm": [
            0.05,
            0.08
        ]
    },
    "globals": {
        "celsius": 34.0,
        "erev_ih": -37.0,
        "v_init": -85.7
    },
    "secLists": {
        "all": [
            "soma",
            "Adend1",
            "Adend2",
            "Adend3",
            "Bdend"
        ],
        "apic": [
            "Adend1",
            "Adend2",
            "Adend3"
        ],
        "apic_lowertrunk": [
            "Adend1"
        ],
        "apic_trunk": [
            "Adend1",
            "Adend2"
        ],
        "apic_tuft": [
            "Adend3"
        ],
        "apic_uppertrunk": [
            "Adend2"
        ],
        "dend_all": [
            "Adend1",
            "Adend2",
            "Adend3",
            "Bdend"
        ],
        "proximal": [
            "soma",
            "Bdend",
            "Adend1"
        ]
    },
    "secs": {
        "Adend1": {
            "geom": {
                "L": 10.529217744466665,
                "Ra": 70.0015514222,
                "cm": 2.74242941886,
                "diam": 1.5831889597,
                "nseg": 1,
                "pt3d": [
                    [
                        0,
                        48.4123467666,
                        0,
                        1.5831889597
                    ],
                    [
                        0,
                        58.941564511066666,
                        0,
                        1.5831889597
                    ]
                ]
            },
            "ions": {
                "ca": {
                    "e": 132.4579341637009,
                    "i": 5e-05,
                    "o": 2.0
                },
                "k": {
                    "e": -104.0,
                    "i": 54.4,
                    "o": 2.5
                },
                "na": {
                    "e": 42.0,
                    "i": 10.0,
                    "o": 140.0
                }
            },
            "mechs": {
                "cadad": {
                    "cainf": 0.00024,
                    "depth": 0.119408607923,
                    "kd": 0.0,
                    "kt": 0.0,
                    "taur": 99.1146852282
                },
                "cal": {
                    "gcalbar": 2.39132864454e-06
                },
                "can": {
                    "gcanbar": 8.13137955053e-07
                },
                "cat": {
                    "gcatbar": 9.29455717585e-07
                },
                "ih": {
                    "ascale": 0.00320887293027,
                    "ashift": 119.696272155,
                    "aslope": 7.09800576233,
                    "bscale": 0.285307415701,
                    "bslope": 23.2995848558,
                    "gbar": 3.3176340367e-05
                },
                "kBK": {
                    "caPh": 0.002,
                    "caPk": 1.0,
                    "caPmax": 1.0,
                    "caPmin": 0.0,
                    "caVhh": 0.002,
                    "caVhmax": 155.67,
                    "caVhmin": 43.919142291200004,
                    "gpeak": 4.45651933019e-05,
                    "k": 17.0,
                    "tau": 1.0
                },
                "kap": {
                    "gbar": 0.0240195239098,
                    "sh": 0.0,
                    "tq": -49.7149526489,
                    "vhalfl": -36.7754836348,
                    "vhalfn": 32.179925527
                },
                "kdr": {
                    "gbar": 0.00833766634808,
                    "sh": 0.0,
                    "vhalfn": 11.6427471384
                },
                "nax": {
                    "gbar": 0.0768253702194,
                    "sh": 0.0
                },
                "pas": {
                    "e": -87.1335623948,
                    "g": 7.199592136286027e-05
                }
            },
            "topol": {
                "childX": 0.0,
                "parentSec": "soma",
                "parentX": 1.0
            },
            "vinit": -85.7,
            "weightNorm": [
                0.001169653285577901
            ]
        },
        "Adend2": {
            "geom": {
                "L": 10.529217744466665,
                "Ra": 70.0015514222,
                "cm": 2.74242941886,
                "diam": 1.5831889597,
                "nseg": 1,
                "pt3d": [
                    [
                        0,
                        58.941564511066666,
                        0,
                        1.5831889597
                    ],
                    [
                        0,
                        69.47078225553334,
                        0,
                        1.5831889597
                    ]
                ]
            },
            "ions": {
                "ca": {
                    "e": 132.4579341637009,
                    "i": 5e-05,
                    "o": 2.0
                },
                "k": {
                    "e": -104.0,
                    "i": 54.4,
                    "o": 2.5
                },
                "na": {
                    "e": 42.0,
                    "i": 10.0,
                    "o": 140.0
                }
            },
            "mechs": {
                "cadad": {
                    "cainf": 0.00024,
                    "depth": 0.119408607923,
                    "kd": 0.0,
                    "kt": 0.0,
                    "taur": 99.1146852282
                },
                "cal": {
                    "gcalbar": 2.39132864454e-06
                },
                "can": {
                    "gcanbar": 8.13137955053e-07
                },
                "cat": {
                    "gcatbar": 9.29455717585e-07
                },
                "ih": {
                    "ascale": 0.00320887293027,
                    "ashift": 119.696272155,
                    "aslope": 7.09800576233,
                    "bscale": 0.285307415701,
                    "bslope": 23.2995848558,
                    "gbar": 3.3176340367e-05
                },
                "kBK": {
                    "caPh": 0.002,
                    "caPk": 1.0,
                    "caPmax": 1.0,
                    "caPmin": 0.0,
                    "caVhh": 0.002,
                    "caVhmax": 155.67,
                    "caVhmin": 43.919142291200004,
                    "gpeak": 4.45651933019e-05,
                    "k": 17.0,
                    "tau": 1.0
                },
                "kap": {
                    "gbar": 0.0240195239098,
                    "sh": 0.0,
                    "tq": -49.7149526489,
                    "vhalfl": -36.7754836348,
                    "vhalfn": 32.179925527
                },
                "kdr": {
                    "gbar": 0.00833766634808,
                    "sh": 0.0,
                    "vhalfn": 11.6427471384
                },
                "nax": {
                    "gbar": 0.0768253702194,
                    "sh": 0.0
                },
                "pas": {
                    "e": -87.1335623948,
                    "g": 7.199592136286027e-05
                }
            },
            "topol": {
                "childX": 0.0,
                "parentSec": "Adend1",
                "parentX": 1.0
            },
            "vinit": -85.7,
            "weightNorm": [
                0.0011707232259234308
            ]
        },
        "Adend3": {
            "geom": {
                "L": 10.529217744466665,
                "Ra": 70.0015514222,
                "cm": 2.74242941886,
                "diam": 1.5831889597,
                "nseg": 1,