{
    "conds": {
        "cellModel": "HH_reduced",
        "cellType": "PT",
        "ynorm": [
            0.667,
            0.775
        ]
    },
    "globals": {
        "celsius": 34.0,
        "erev_ih": -37.0,
        "v_init": -75.0413649414
    },
    "secLists": {
        "all": [
            "soma",
            "Adend1",
            "Adend2",
            "Adend3",
            "Bdend"
        ],
        "apic": [
            "Adend1",
            "Adend2",
            "Adend3"
        ],
        "apic_lowertrunk": [
            "Adend1"
        ],
        "apic_trunk": [
            "Adend1",
            "Adend2"
        ],
        "apic_tuft": [
            "Adend3"
        ],
        "apic_uppertrunk": [
            "Adend2"
        ],
        "dend_all": [
            "Adend1",
            "Adend2",
            "Adend3",
            "Bdend"
        ],
        "proximal": [
            "soma",
            "Bdend",
            "Adend1"
        ]
    },
    "secs": {
        "Adend1": {
            "geom": {
                "L": 447.8625510778,
                "Ra": 114.510490019,
                "cm": 1.03418636866,
                "diam": 1.5831889597,
                "nseg": 1,
                "pt3d": [
                    [
                        0,
                        48.4123467666,
                        0,
                        1.5831889597
                    ],
                    [
                        0,
                        496.2748978444,
                        0,
                        1.5831889597
                    ]
                ]
            },
            "ions": {
                "ca": {
                    "e": 132.4579341637009,
                    "i": 5e-05,
                    "o": 2.0
                },
                "k": {
                    "e": -104.0,
                    "i": 54.4,
                    "o": 2.5
                },
                "na": {
                    "e": 42.0,
                    "i": 10.0,
                    "o": 140.0
                }
            },
            "mechs": {
                "cadad": {
                    "cainf": 0.00024,
                    "depth": 0.119408607923,
                    "kd": 0.0,
                    "kt": 0.0,
                    "taur": 99.1146852282
                },
                "cal": {
                    "gcalbar": 4.41583533572e-06
                },
                "can": {
                    "gcanbar": 4.60717910591e-06
                },
                "ih": {
                    "ascale": 0.00643,
                    "ashift": 154.9,
                    "aslope": 11.9,
                    "bscale": 0.193,
                    "bslope": 33.1,
                    "gbar": 0.0009508884978406061
                },
                "kBK": {
                    "caPh": 0.002,
                    "caPk": 1.0,
                    "caPmax": 1.0,
                    "caPmin": 0.0,
                    "caVhh": 0.002,
                    "caVhmax": 155.67,
                    "caVhmin": -2.1899738592999967,
                    "gpeak": 5.09733585163e-05,
                    "k": 17.0,
                    "tau": 1.0
                },
                "kap": {
                    "gbar": 0.0898600246397,
                    "sh": 0.0,
                    "tq": -52.0967985869,
                    "vhalfl": -59.7867409796,
                    "vhalfn": 32.7885075379
                },
                "kdr": {
                    "gbar": 0.0131103978049,
                    "sh": 0.0,
                    "vhalfn": 11.6427471384
                },
                "nax": {
                    "gbar": 0.0345117294903,
                    "sh": 0.0
                },
                "pas": {
                    "e": -88.5366550238,
                    "g": 9.30129299683914e-05
                }
            },
            "topol": {
                "childX": 0.0,
                "parentSec": "soma",
                "parentX": 1.0
            },
            "vinit": -75.0413649414,
            "weightNorm": [
                0.00225171137722953
            ]
        },
        "Adend2": {
            "geom": {
                "L": 447.8625510778,
                "Ra": 114.510490019,
                "cm": 1.03418636866,
                "diam": 1.5831889597,
                "nseg": 1,
                "pt3d": [
                    [
                        0,
                        496.2748978444,
                        0,
                        1.5831889597
                    ],
                    [
                        0,
                        944.1374489222001,
                        0,
                        1.5831889597
                    ]
                ]
            },
            "ions": {
                "ca": {
                    "e": 132.4579341637009,
                    "i": 5e-05,
                    "o": 2.0
                },
                "k": {
                    "e": -104.0,
                    "i": 54.4,
                    "o": 2.5
                },
                "na": {
                    "e": 42.0,
                    "i": 10.0,
                    "o": 140.0
                }
            },
            "mechs": {
                "cadad": {
                    "cainf": 0.00024,
                    "depth": 0.119408607923,
                    "kd": 0.0,
                    "kt": 0.0,
                    "taur": 99.1146852282
                },
                "cal": {
                    "gcalbar": 4.41583533572e-06
                },
                "can": {
                    "gcanbar": 4.60717910591e-06
                },
                "ih": {
                    "ascale": 0.00643,
                    "ashift": 154.9,
                    "aslope": 11.9,
                    "bscale": 0.193,
                    "bslope": 33.1,
                    "gbar": 0.00565
                },
                "kBK": {
                    "caPh": 0.002,
                    "caPk": 1.0,
                    "caPmax": 1.0,
                    "caPmin": 0.0,
                    "caVhh": 0.002,
                    "caVhmax": 155.67,
                    "caVhmin": -2.1899738592999967,
                    "gpeak": 5.09733585163e-05,
                    "k": 17.0,
                    "tau": 1.0
                },
                "kap": {
                    "gbar": 0.0898600246397,
                    "sh": 0.0,
                    "tq": -52.0967985869,
                    "vhalfl": -59.7867409796,
                    "vhalfn": 32.7885075379
                },
                "kdr": {
                    "gbar": 0.0131103978049,
                    "sh": 0.0,
                    "vhalfn": 11.6427471384
                },
                "nax": {
                    "gbar": 0.0345117294903,
                    "sh": 0.0
                },
                "pas": {
                    "e": -88.5366550238,
                    "g": 9.30129299683914e-05
                }
            },
            "topol": {
                "childX": 0.0,
                "parentSec": "Adend1",
                "parentX": 1.0
            },
            "vinit": -75.0413649414,
            "weightNorm": [
                0.005690247965246229
            ]
        },
        "Adend3": {
            "geom": {
                "L": 447.8625510778,
                "Ra": 114.510490019,
                "cm": 1.03418636866,
                "diam": 1.5831889597,
                "nseg": 1,
                "pt3d": [
                    [
                        0,
                        944.1374489222001,
                        0,
                        1.5831889597
                    ],
                    [
                        0,
                        1392.0,
                        0,
                        1.5831889597
                    ]
                ]
            },