{"IT2": 12.0, "PV2": 13.333333333333334, "SOM2": 1.6875, "VIP2": 3.375, "NGF2": 130.0, "IT3": 5.125, "ITP4": 2.218032786885246, "ITS4": 2.5, "IT5A": 0.16160714285714287, "CT5A": 3.0, "IT5B": 0.19047619047619047, "PT5B": 24.0, "CT5B": 3.0, "IT6": 0.36000000000000004, "CT6": 3.0, "TC": 9.375, "HTC": 9.375, "IRE": 1.1666666666666667, "TI": 1.5625, "NGF1": 130.0, "SOM3": 2.25, "PV3": 13.333333333333334, "VIP3": 5.625, "NGF3": 130.0, "PV4": 12.0, "SOM4": 2.25, "VIP4": 4.5, "NGF4": 130.0, "PV5A": 16.666666666666668, "SOM5A": 2.8125, "VIP5A": 4.95, "NGF5A": 130.0, "PV5B": 16.666666666666668, "SOM5B": 2.8125, "VIP5B": 4.95, "NGF5B": 130.0, "PV6": 10.0, "SOM6": 2.475, "VIP6": 4.5, "NGF6": 130.0, "TCM": 9.375, "IREM": 1.1666666666666667, "TIM": 2.5}