{
    "conds": {
        "cellModel": "HH_reduced",
        "cellType": "IT",
        "ynorm": [
            0.667,
            0.775
        ]
    },
    "globals": {
        "celsius": 34.0,
        "erev_ih": -37.0,
        "v_init": -81.2
    },
    "secLists": {
        "all": [
            "soma",
            "Adend1",
            "Adend2",
            "Adend3",
            "Bdend"
        ],
        "apic": [
            "Adend1",
            "Adend2",
            "Adend3"
        ],
        "apic_lowertrunk": [
            "Adend1"
        ],
        "apic_trunk": [
            "Adend1",
            "Adend2"
        ],
        "apic_tuft": [
            "Adend3"
        ],
        "apic_uppertrunk": [
            "Adend2"
        ],
        "dend_all": [
            "Adend1",
            "Adend2",
            "Adend3",
            "Bdend"
        ],
        "proximal": [
            "soma",
            "Bdend",
            "Adend1"
        ]
    },
    "secs": {
        "Adend1": {
            "geom": {
                "L": 447.8625510778,
                "Ra": 114.969186163,
                "cm": 2.49841939531,
                "diam": 1.5831889597,
                "nseg": 1,
                "pt3d": [
                    [
                        0,
                        48.4123467666,
                        0,
                        1.5831889597
                    ],
                    [
                        0,
                        496.2748978444,
                        0,
                        1.5831889597
                    ]
                ]
            },
            "ions": {
                "ca": {
                    "e": 132.4579341637009,
                    "i": 5e-05,
                    "o": 2.0
                },
                "k": {
                    "e": -104.0,
                    "i": 54.4,
                    "o": 2.5
                },
                "na": {
                    "e": 42.0,
                    "i": 10.0,
                    "o": 140.0
                }
            },
            "mechs": {
                "cadad": {
                    "cainf": 0.00024,
                    "depth": 0.119408607923,
                    "kd": 0.0,
                    "kt": 0.0,
                    "taur": 99.1146852282
                },
                "cal": {
                    "gcalbar": 7.79902252875e-05
                },
                "can": {
                    "gcanbar": 8.43780573752e-05
                },
                "cat": {
                    "gcatbar": 5.85477866612e-05
                },
                "ih": {
                    "ascale": 0.00365676240119,
                    "ashift": 115.040811905,
                    "aslope": 7.63692206734,
                    "bscale": 0.26993550346,
                    "bslope": 37.2740194128,
                    "gbar": 3.13760461868e-05
                },
                "kBK": {
                    "caPh": 0.002,
                    "caPk": 1.0,
                    "caPmax": 1.0,
                    "caPmin": 0.0,
                    "caVhh": 0.002,
                    "caVhmax": 155.67,
                    "caVhmin": -2.1899738592999967,
                    "gpeak": 4.2923494376e-05,
                    "k": 17.0,
                    "tau": 1.0
                },
                "kap": {
                    "gbar": 0.306752147542,
                    "sh": 0.0,
                    "tq": -55.772342395,
                    "vhalfl": -78.3762490029,
                    "vhalfn": 32.7885075379
                },
                "kdr": {
                    "gbar": 0.00501206206504,
                    "sh": 0.0,
                    "vhalfn": 11.6427471384
                },
                "nax": {
                    "gbar": 0.146326621958,
                    "sh": 0.0
                },
                "pas": {
                    "e": -79.8821836579,
                    "g": 2.068954962610324e-05
                }
            },
            "topol": {
                "childX": 0.0,
                "parentSec": "soma",
                "parentX": 1.0
            },
            "vinit": -81.2,
            "weightNorm": [
                0.0021163569543512883
            ]
        },
        "Adend2": {
            "geom": {
                "L": 447.8625510778,
                "Ra": 114.969186163,
                "cm": 2.49841939531,
                "diam": 1.5831889597,
                "nseg": 1,
                "pt3d": [
                    [
                        0,
                        496.2748978444,
                        0,
                        1.5831889597
                    ],
                    [
                        0,
                        944.1374489222001,
                        0,
                        1.5831889597
                    ]
                ]
            },
            "ions": {
                "ca": {
                    "e": 132.4579341637009,
                    "i": 5e-05,
                    "o": 2.0
                },
                "k": {
                    "e": -104.0,
                    "i": 54.4,
                    "o": 2.5
                },
                "na": {
                    "e": 42.0,
                    "i": 10.0,
                    "o": 140.0
                }
            },
            "mechs": {
                "cadad": {
                    "cainf": 0.00024,
                    "depth": 0.119408607923,
                    "kd": 0.0,
                    "kt": 0.0,
                    "taur": 99.1146852282
                },
                "cal": {
                    "gcalbar": 7.79902252875e-05
                },
                "can": {
                    "gcanbar": 8.43780573752e-05
                },
                "cat": {
                    "gcatbar": 5.85477866612e-05
                },
                "ih": {
                    "ascale": 0.00365676240119,
                    "ashift": 115.040811905,
                    "aslope": 7.63692206734,
                    "bscale": 0.26993550346,
                    "bslope": 37.2740194128,
                    "gbar": 3.13760461868e-05
                },
                "kBK": {
                    "caPh": 0.002,
                    "caPk": 1.0,
                    "caPmax": 1.0,
                    "caPmin": 0.0,
                    "caVhh": 0.002,
                    "caVhmax": 155.67,
                    "caVhmin": -2.1899738592999967,
                    "gpeak": 4.2923494376e-05,
                    "k": 17.0,
                    "tau": 1.0
                },
                "kap": {
                    "gbar": 0.306752147542,
                    "sh": 0.0,
                    "tq": -55.772342395,
                    "vhalfl": -78.3762490029,
                    "vhalfn": 32.7885075379
                },
                "kdr": {
                    "gbar": 0.00501206206504,
                    "sh": 0.0,
                    "vhalfn": 11.6427471384
                },
                "nax": {
                    "gbar": 0.146326621958,
                    "sh": 0.0
                },
                "pas": {
                    "e": -79.8821836579,
                    "g": 2.068954962610324e-05
                }
            },
            "topol": {
                "childX": 0.0,
                "parentSec": "Adend1",
                "parentX": 1.0
            },
            "vinit": -81.2,
            "weightNorm": [
                0.004481826363489162
            ]
        },
        "Adend3": {
            "geom": {
                "L": 447.8625510778,
                "Ra": 114.969186163,
                "cm": 2.49841939531,
                "diam": 1.5831889597,
                "nseg": 1,