{
    "conds": {
        "cellModel": "HH_reduced",
        "cellType": "NGF",
        "ynorm": [
            0.0,
            1
        ]
    },
    "globals": {
        "celsius": 37.0,
        "v_init": -67.66
    },
    "secLists": {
        "all": [
            "soma",
            "dend"
        ],
        "dend_all": [
            "dend"
        ],
        "proximal": [
            "soma",
            "dend"
        ]
    },
    "secs": {
        "dend": {
            "geom": {
                "L": 43.93181887951264,
                "Ra": 17.578557807228727,
                "cm": 2.3018231258210387,
                "diam": 3.9807678837916316,
                "nseg": 1,
                "pt3d": [
                    [
                        0,
                        9.5,
                        0,
                        7.0
                    ],
                    [
                        0,
                        53.5,
                        0,
                        7.0
                    ]
                ]
            },
            "ions": {
                "k": {
                    "e": -90.0,
                    "i": 54.4,
                    "o": 2.5
                },
                "na": {
                    "e": 55.0,
                    "i": 10.0,
                    "o": 140.0
                }
            },
            "mechs": {
                "ch_Kdrfastngf": {
                    "gmax": 0.05595822381551993,
                    "offset5": 17.0,
                    "offset6": 17.0,
                    "slope5": 0.07,
                    "slope6": 0.264
                },
                "ch_Navngf": {
                    "gmax": 6.758480942113871
                },
                "pas": {
                    "e": -60.72312530287827,
                    "g": 0.00024895877547595626
                }
            },
            "topol": {
                "childX": 0.0,
                "parentSec": "soma",
                "parentX": 0.0
            },
            "vinit": -67.66,
            "weightNorm": [
                0.0002480674001114169
            ]
        },
        "soma": {
            "geom": {
                "L": 9.485279076258411,
                "Ra": 17.578557807228727,
                "cm": 2.3018231258210387,
                "diam": 5.4024706994314995,
                "nseg": 1,
                "pt3d": [
                    [
                        0,
                        0,
                        0,
                        9.5
                    ],
                    [
                        0,
                        9.5,
                        0,
                        9.5
                    ]
                ]
            },
            "ions": {
                "ca": {
                    "e": 130.0,
                    "i": 5e-05,
                    "o": 2.0
                },
                "k": {
                    "e": -90.0,
                    "i": 54.4,
                    "o": 2.5
                },
                "na": {
                    "e": 55.0,
                    "i": 10.0,
                    "o": 140.0
                }
            },
            "mechs": {
                "ch_CavL": {
                    "gmax": 0.04288556470630007
                },
                "ch_CavN": {
                    "gmax": 0.0004566091272566699
                },
                "ch_KCaS": {
                    "gmax": 0.011993018513506988
                },
                "ch_Kdrfastngf": {
                    "gmax": 0.1678746714465598,
                    "offset5": 17.0,
                    "offset6": 17.0,
                    "slope5": 0.07,
                    "slope6": 0.264
                },
                "ch_KvAngf": {
                    "a0l": 0.08,
                    "a0n": 0.02,
                    "gmax": 0.10393207183965684,
                    "gml": 1.0,
                    "gmn": 0.6,
                    "zetal": 4.0,
                    "zetan": -3.0
                },
                "ch_KvCaB": {
                    "gmax": 1.215126639573281e-06
                },
                "ch_Navngf": {
                    "gmax": 0.1785111895575446
                },
                "hd": {
                    "clk": 0.0,
                    "ehd": -30.0,
                    "elk": -70.0,
                    "gbar": 5.589821152606998e-06,
                    "vhalfl": -90.0
                },
                "iconc_Ca": {
                    "caiinf": 5e-06,
                    "catau": 10.0
                },
                "pas": {
                    "e": -77.03680075738289,
                    "g": 4.1493129245992714e-07
                }
            },
            "topol": {},
            "vinit": -67.66,
            "weightNorm": [
                0.0002480052323912068
            ]
        }
    }
}